create table customer (
                          id bigint generated by default as identity,
                          address varchar(255),
                          customername varchar(255),
                          full_name varchar(25),
                          password varchar(255),
                          pending boolean not null,
                          phone_number varchar(9),
                          primary key (id)
);

create table salon_schedule (
                                id bigint generated by default as identity,
                                staff_id bigint,
                                staff_name varchar(25),
                                day_of_the_week varchar(255),
                                is_holiday boolean,
                                created_date timestamp,
                                last_modified_date timestamp,
                                primary key (id)
);

create table staff (
                       id bigint generated by default as identity,
                       address varchar(255),
                       full_name varchar(25),
                       password varchar(255),
                       pending boolean not null,
                       phone_number varchar(9),
                       staffname varchar(255),
                       primary key (id)
);

create table salon_booking (
                               id bigint generated by default as identity,
                               booking_date date,
                               booking_date_time timestamp,
                               booking_time time,
                               created_date timestamp,
                               customer_id bigint,
                               customer_name varchar(25),
                               hair_cut_type varchar(25),
                               last_modified_date timestamp,
                               staff_id bigint,
                               staff_name varchar(25),
                               primary key (id)
);

insert into staff values(1, 'address', 'William', 'password', 0, '123456789', 'William');
insert into staff values(2, 'address', 'Jane', 'password', 0, '123456789', 'Jane');
insert into staff values(3, 'address', 'Mark', 'password', 0, '123456789', 'Mark');

insert into salon_schedule values (1, 1, 'William', 'MONDAY', 0, '2022-03-23 00:00:00', '2022-03-23 00:00:00');
insert into salon_schedule values (2, 1, 'William', 'TUESDAY', 1, '2022-03-23 00:00:00', '2022-03-23 00:00:00');
insert into salon_schedule values (3, 1, 'William', 'WEDNESDAY', 0, '2022-03-23 00:00:00', '2022-03-23 00:00:00');
insert into salon_schedule values (4, 1, 'William', 'THURSDAY', 1, '2022-03-23 00:00:00', '2022-03-23 00:00:00');
insert into salon_schedule values (5, 1, 'William', 'FRIDAY', 0, '2022-03-23 00:00:00', '2022-03-23 00:00:00');
insert into salon_schedule values (6, 1, 'William', 'SATURDAY', 1, '2022-03-23 00:00:00', '2022-03-23 00:00:00');
insert into salon_schedule values (7, 1, 'William', 'SUNDAY', 1, '2022-03-23 00:00:00', '2022-03-23 00:00:00');

insert into salon_schedule values (8, 2, 'Jane', 'MONDAY', 1, '2022-03-23 00:00:00', '2022-03-23 00:00:00');
insert into salon_schedule values (9, 2, 'Jane', 'TUESDAY', 0, '2022-03-23 00:00:00', '2022-03-23 00:00:00');
insert into salon_schedule values (10, 2, 'Jane', 'WEDNESDAY', 1, '2022-03-23 00:00:00', '2022-03-23 00:00:00');
insert into salon_schedule values (11, 2, 'Jane', 'THURSDAY', 0, '2022-03-23 00:00:00', '2022-03-23 00:00:00');
insert into salon_schedule values (12, 2, 'Jane', 'FRIDAY', 1, '2022-03-23 00:00:00', '2022-03-23 00:00:00');
insert into salon_schedule values (13, 2, 'Jane', 'SATURDAY', 0, '2022-03-23 00:00:00', '2022-03-23 00:00:00');
insert into salon_schedule values (14, 2, 'Jane', 'SUNDAY', 0, '2022-03-23 00:00:00', '2022-03-23 00:00:00');

insert into salon_schedule values (15, 3, 'Mark', 'MONDAY', 0, '2022-03-23 00:00:00', '2022-03-23 00:00:00');
insert into salon_schedule values (16, 3, 'Mark', 'TUESDAY', 0, '2022-03-23 00:00:00', '2022-03-23 00:00:00');
insert into salon_schedule values (17, 3, 'Mark', 'WEDNESDAY', 0, '2022-03-23 00:00:00', '2022-03-23 00:00:00');
insert into salon_schedule values (18, 3, 'Mark', 'THURSDAY', 1, '2022-03-23 00:00:00', '2022-03-23 00:00:00');
insert into salon_schedule values (19, 3, 'Mark', 'FRIDAY', 1, '2022-03-23 00:00:00', '2022-03-23 00:00:00');
insert into salon_schedule values (20, 3, 'Mark', 'SATURDAY', 1, '2022-03-23 00:00:00', '2022-03-23 00:00:00');
insert into salon_schedule values (21, 3, 'Mark', 'SUNDAY', 1, '2022-03-23 00:00:00', '2022-03-23 00:00:00');

insert into salon_booking values (1,'2022-03-23','2022-03-25 11:00:00','11:00:00', '2022-03-24 16:02:04',1,'Scott','MENS_HAIR_CUT','2022-03-24 16:02:04',1,'William');
insert into salon_booking values (2,'2022-03-23','2022-03-28 12:00:00','12:00:00', '2022-03-24 16:02:04',1,'Scott','TREATMENT','2022-03-24 16:02:04',1,'William');
insert into salon_booking values (3,'2022-03-23','2022-03-26 13:00:00','13:00:00', '2022-03-24 16:02:04',1,'Scott','WOMENS_PERM','2022-03-24 16:02:04',2,'Jane');
insert into salon_booking values (4,'2022-03-23','2022-03-28 14:00:00','14:00:00', '2022-03-24 16:02:04',1,'Scott','MENS_HAIR_CUT','2022-03-24 16:02:04',3,'Mark');